symbol,globalScore,clinicalPrecedence,uniprot_id,length,n_pdb,has_structure
APP,0.8743017509514485,0.9775231241955992,P05067,770,251,True
PSEN1,0.8678833473880588,0.6426855212816258,P49768,467,27,True
PSEN2,0.818963537542181,0.6426855212816258,P49810,448,2,True
APOE,0.7882988926262811,,P02649,317,29,True
ABCA7,0.740796098932307,,Q8IZY2,2146,6,True
SORL1,0.7146776827220991,,Q92673,2214,7,True
GRIN1,0.7049058021654173,0.9879482584169764,Q05586,938,84,True
ADAM10,0.68705203316385,,O14672,748,3,True
CDK5,0.6802283721851972,,Q00535,292,10,True
GRIN3B,0.6771580875817478,0.9879482584169764,O60391,1043,0,False
ACE,0.6500686439034259,0.1215861595223242,P12821,1306,97,True
APH1B,0.6458500209243263,0.6426855212816258,Q8WW43,257,2,True
ACHE,0.6415699813554469,0.9957450767217716,P22303,614,79,True
GRN,0.6371636272211622,,P28799,593,8,True
GRIN2B,0.6347573469243794,0.9879482584169764,Q13224,1484,35,True
BCHE,0.6276339007069329,0.9849650292267436,P06276,602,108,True
GRIN2A,0.6239424818285392,0.9884619517389774,Q12879,1464,37,True
CD33,0.6236171141464621,,P20138,364,9,True
GRIN2C,0.6204701646440309,0.9879482584169764,Q14957,1233,6,True
SLC6A3,0.6175061728197492,0.882044465014109,Q01959,620,17,True
GRIN2D,0.6169162742654611,0.9879482584169764,O15399,1336,13,True
CDK5R1,0.6148287560726069,,Q15078,307,11,True
EPHA1,0.6131079408497452,,P21709,976,4,True
GRIN3A,0.6114914538780584,0.9879482584169764,Q8TCU5,1115,3,True
HFE,0.6036312973440967,,Q30201,348,2,True
CDC25B,0.5990850383690725,,P30305,580,19,True
CR1,0.5958894934437446,,P17927,2039,7,True
TREM2,0.5922697592467004,,Q9NZC2,230,15,True
NCK2,0.5879248886931446,,O43639,380,9,True
HMGCR,0.5852343323307129,0.5580804722074681,P04035,888,24,True
CLU,0.5835737951346023,,P10909,449,2,True
PLCG2,0.5813671208424943,,P16885,1265,8,True
FOXO3,0.5746482507386391,,O43524,673,7,True
APOC1,0.5739947588912473,,P02654,83,8,True
ADRA2B,0.563732831509632,0.7936595150254856,P18089,450,2,True
MS4A6A,0.5623023960354822,,Q9H2W1,248,0,False
PSAP,0.5588571650702385,,P07602,524,20,True
SLC6A2,0.5583443475207838,0.9049769656573474,P23975,617,36,True
ABI3,0.5551218152268709,,Q9P2A4,366,0,False
GSK3B,0.5542938971670681,0.1784276890990107,P49841,420,122,True
BIN1,0.5534359003603624,,O00499,593,7,True
MME,0.5523716899400194,,P08473,750,16,True
CDKN2B,0.5510479353932854,,P42772,138,0,False
JAZF1,0.5507056641211826,,Q86VZ6,243,0,False
SMPD1,0.5494364177298126,,P17405,631,4,True
CTSH,0.5493439983471465,,P09668,335,2,True
CDKN1A,0.549132748514295,,P38936,164,13,True
NDUFAB1,0.5481714982096735,0.030396539880581,O14561,156,41,True
PLK1,0.5429304218158207,,P53350,603,85,True
CDK4,0.5422132403029617,,P11802,303,15,True
SCARB1,0.5361943254133151,,Q8WTV0,552,0,False
NDUFS5,0.5360803425053371,0.030396539880581,O43920,106,7,True
AXL,0.5359292340001293,,P30530,894,4,True
LIPC,0.53572540484586,,P11150,499,0,False
CTSB,0.5354463220223273,,P07858,339,21,True
SHARPIN,0.5348679258361306,,Q9H0F6,387,3,True
NDUFA8,0.5318985414127286,0.030396539880581,P51970,172,7,True
NDUFV2,0.5311192907523623,0.030396539880581,P19404,249,7,True
AURKB,0.5287593320913878,,Q96GD4,344,1,True
ATP8B4,0.5277345668652018,,Q8TF62,1192,0,False
NDUFS1,0.5272849993720133,0.030396539880581,P28331,727,7,True
LSM6,0.5268771472813407,,P62312,80,19,True
CDKN2A,0.5262591511059541,,P42771,156,5,True
CDK1,0.526093240039347,,P06493,297,13,True
CDKN1C,0.5250069414559145,,P49918,316,0,False
RIOK2,0.5244154452261425,,Q9BVS4,552,10,True
DDX39B,0.5222558230842705,,Q13838,428,15,True
ATP6V1B2,0.5216856023561478,,P21281,511,8,True
AURKA,0.5205553363002965,,O14965,403,193,True
UQCRC1,0.5204930382997367,,P31930,480,5,True
MTMR3,0.5193102186945416,,Q13615,1198,0,False
NDUFS2,0.5188220820038092,0.030396539880581,O75306,463,8,True
ATP6V1A,0.5186943696679484,,P38606,617,8,True
PICALM,0.5168988298735363,,Q13492,652,0,False
MASTL,0.5154548915251083,,Q96GX5,879,2,True
MPO,0.513797155824106,,P05164,745,49,True
SLC18A2,0.5133202281617825,0.607930797611621,Q05940,514,32,True
PILRA,0.5131721530939097,,Q9UKJ1,303,6,True
NDUFA9,0.5113951828225305,0.030396539880581,Q16795,377,7,True
CAMLG,0.5106328131941263,,P49069,296,3,True
NR1H2,0.5087846975023695,,P55055,460,25,True
PIKFYVE,0.5047111767826317,,Q9Y2I7,2098,1,True
AKAP11,0.5031569524318671,,Q9UKA4,1901,0,False
ATP6V1C1,0.5031241717273434,,P21283,382,5,True
FADS2,0.5030940728567731,,O95864,444,0,False
TARS2,0.5030392466541774,,Q9BW92,718,0,False
H2BC4,0.5027589465651462,,P62807,126,74,True
PTK2B,0.5022745844507056,,Q14289,1009,26,True
CSNK1A1,0.5022281604386142,,P48729,337,5,True
LRRC25,0.5016535983134738,,Q8N386,305,0,False
CDK12,0.5016300431916646,,Q9NYV4,1490,39,True
NDUFB7,0.5010634250863631,0.030396539880581,P17568,137,7,True
RASGEF1C,0.5004885463322596,,Q8N431,466,0,False
