symbol,uniprot_id,n_pdb,pdb_ids
APP,P05067,251,12GB;1AAP;1AMB;1AMC;1AML;1BA4;1BA6;1BJB;1BJC;1BRC;1CA0;1HZ3;1IYT;1MWP;1OWT;1QCM;1QWP;1QXC;1QYT;1TAW;1TKN;1X11;1Z0Q;1ZE7;1ZE9;1ZJD;21FB;2BEG;2BP4;2FJZ;2FK1;2FK2;2FK3;2FKL;2FMA;2G47;2IPU;2LFM;2LLM;2LMN;2LMO;2LMP;2LMQ;2LNQ;2LOH;2LP1;2LZ3;2LZ4;2M4J;2M9R;2M9S;2MGT;2MJ1;2MPZ;2MVX;2MXU;2NAO;2OTK;2R0W;2WK3;2Y29;2Y2A;2Y3J;2Y3K;2Y3L;3AYU;3BAE;3BKJ;3DXC;3DXD;3DXE;3GCI;3IFL;3IFN;3IFO;3IFP;3JQ5;3JQL;3JTI;3KTM;3L33;3L81;3MOQ;3MXC;3MXY;3NYJ;3NYL;3OVJ;3OW9;3PZZ;3Q2X;3SV1;3U0T;3UMH;3UMI;3UMK;4HIX;4JFN;4M1C;4MDR;4MVI;4MVK;4MVL;4NGE;4OJF;4ONF;4ONG;4PQD;4PWQ;4XXD;5AEF;5AM8;5AMB;5BUO;5C67;5CSZ;5HOW;5HOX;5HOY;5KK3;5LFY;5LV0;5MY4;5MYO;5MYX;5NX1;5NX3;5ONP;5ONQ;5OQV;5TXD;5VOS;5VZY;5W3P;6CO3;6GFI;6ITU;6IYC;6NB9;6O4J;6OC9;6OIZ;6RHY;6SHS;6SZF;6TI5;6TI6;6TI7;6W0O;6WXM;6XOV;6YHF;6YHI;6YHO;6YHP;6YHX;7B3J;7B3K;7E6P;7F29;7JXN;7JXO;7O1Q;7OW1;7OXN;7Q4B;7Q4M;7RTZ;7U4P;7WFY;7WVY;7Y3J;7Y8Q;8AZS;8AZT;8B9Q;8B9R;8BFA;8BFB;8BFZ;8BG0;8C3H;8EZD;8EZE;8FF2;8FF3;8H8Q;8I4O;8KEW;8KF1;8KF3;8KF4;8KF5;8KF6;8OL2;8OL3;8OL5;8OL6;8OL7;8OLG;8OLN;8OLO;8OLQ;8OT1;8OT3;8OT4;8OTF;8OVK;8OVM;8OWD;8OWE;8OWJ;8OWK;8QN6;8QN7;8SEJ;8SEK;8SEL;8T82;8T89;8X52;8X53;8X54;8Z9V;9CK6;9CKI;9CO4;9CZN;9CZP;9FH2;9FH3;9FH4;9FH5;9IIO;9JAZ;9JB0;9JB1;9JB2;9K0D;9K0E;9K0F;9LLM;9M5P;9M5Q;9M5R;9OBK;9RIV;9RIW;9UMH;9WAO;9WAP
PSEN1,P49768,27,2KR6;4UIS;5A63;5FN2;5FN3;5FN4;5FN5;6IDF;6IYC;6LQG;6LR4;7C9I;7D8X;7Y5T;8IM7;8K8E;8KCO;8KCP;8KCS;8KCT;8KCU;8OQY;8OQZ;8X52;8X53;8X54;9K95
PSEN2,P49810,2,7Y5X;7Y5Z
APOE,P02649,29,1B68;1BZ4;1EA8;1GS9;1H7I;1LE2;1LE4;1LPE;1NFN;1NFO;1OEF;1OEG;1OR2;1OR3;2KC3;2KNY;2L7B;6IWB;6NCN;6NCO;6V7M;7FCR;7FCS;7UVJ;8AX8;8AX9;8CDY;8CE0;8GRX
ABCA7,Q8IZY2,6,8EDW;8EE6;8EEB;8EOP;8Y1O;8Y1P
SORL1,Q92673,7,2DM4;3G2S;3G2T;3WSX;3WSY;3WSZ;7VT0
GRIN1,Q05586,84,10EY;10EZ;10FD;10FE;10FF;10FL;10FN;10FO;2HQW;2NR1;3BYA;5H8F;5H8H;5H8N;5H8Q;5I2K;5I2N;5KCJ;5KDT;5TP9;5TPA;6IRA;6IRF;6IRG;6IRH;7EOQ;7EOR;7EOS;7EOT;7EOU;7EU7;7EU8;7YFF;7YFL;7YFM;7YFO;7YFR;8E92;8E93;8E94;8E96;8E97;8E98;8E99;8JIZ;8JJ0;8JJ1;8JJ2;8USX;8UUE;8VUH;8VUJ;8VUL;8VUN;8VUQ;8VUR;8VUS;8VUT;8VUU;8VUV;8Y1V;8ZH7;9D37;9D38;9D39;9D3A;9D3B;9D3C;9GIB;9GIC;9GID;9GIE;9GIF;9GIG;9GJ1;9IYP;9IYQ;9MUL;9MUM;9OOQ;9OOR;9OOS;9OOT;9PQH
ADAM10,O14672,3,6BDZ;6BE6;8ESV
CDK5,Q00535,10,1H4L;1UNG;1UNH;1UNL;3O0G;4AU8;7VDP;7VDQ;7VDR;7VDS
GRIN3B,O60391,0,
ACE,P12821,97,1O86;1O8A;1UZE;1UZF;2C6F;2C6N;2IUL;2IUX;2OC2;2XY9;2XYD;2YDM;3BKK;3BKL;3L3N;3NXQ;4APH;4APJ;4BXK;4BZR;4BZS;4C2N;4C2O;4C2P;4C2Q;4C2R;4CA5;4CA6;4UFA;4UFB;5AM8;5AM9;5AMA;5AMB;5AMC;6EN5;6EN6;6F9R;6F9T;6F9U;6F9V;6H5W;6H5X;6QS1;6TT1;6TT3;6TT4;6ZPQ;6ZPT;6ZPU;7Q24;7Q25;7Q26;7Q27;7Q28;7Q29;7Q3Y;7Q49;7Q4C;7Q4D;7Q4E;7Z6Z;7Z70;8QFX;8QHL;9CLX;9D55;9D5M;9D5S;9GBL;9GBM;9GBN;9GBO;9GBP;9GBQ;9GBR;9GBS;9H1A;9H1B;9H1C;9H1D;9H1E;9QAM;9QAN;9QAO;9QAP;9QAQ;9QAR;9QAS;9QAT;9QAU;9QAV;9SS7;9SS8;9SS9;9SSA;9SSB
APH1B,Q8WW43,2,8OQY;8OQZ
ACHE,P22303,79,1B41;1F8U;1VZJ;2X8B;3LII;4BDT;4EY4;4EY5;4EY6;4EY7;4EY8;4M0E;4M0F;4PQE;5FOQ;5FPQ;5HF5;5HF6;5HF8;5HF9;5HFA;5HQ3;6CQT;6CQU;6CQV;6CQW;6CQX;6CQY;6CQZ;6F25;6NEA;6NTG;6NTH;6NTK;6NTL;6NTM;6NTN;6NTO;6O4W;6O4X;6O50;6O52;6O5R;6O5S;6O5V;6O66;6O69;6U34;6U37;6U3P;6WUV;6WUY;6WUZ;6WV1;6WVC;6WVO;6WVP;6WVQ;6ZWE;7D9O;7D9P;7D9Q;7E3D;7E3H;7P1N;7P1P;7RB5;7RB6;7RB7;7XN1;8AEN;8AEV;8DT2;8DT4;8DT5;8DT7;9F6R;9OMS;9OMT
GRN,P28799,8,1G26;2JYE;2JYT;2JYU;2JYV;6NUG;8T8R;8T8S
GRIN2B,Q13224,35,10EY;10EZ;10FD;10FE;10FF;10FL;10FN;10FO;5EWJ;5EWL;5EWM;7EU8;7KL0;7KL1;7KL2;7UIS;7UJP;7UJQ;7UJR;7UJS;7UJT;8VUU;8VUV;9D37;9D38;9D39;9D3A;9D3B;9D3C;9IYP;9IYQ;9OOQ;9OOR;9OOS;9OOT
BCHE,P06276,108,1P0I;1P0M;1P0P;1P0Q;1XLU;1XLV;1XLW;2J4C;2PM8;2WID;2WIF;2WIG;2WIJ;2WIK;2WIL;2WSL;2XMB;2XMC;2XMD;2XMG;2XQF;2XQG;2XQI;2XQJ;2XQK;2Y1K;3DJY;3DKK;3O9M;4AQD;4AXB;4B0O;4B0P;4BBZ;4BDS;4TPK;4XII;5DYT;5DYW;5DYY;5K5E;5LKR;5NN0;6EMI;6EP4;6EQP;6EQQ;6ESJ;6ESY;6EYF;6EZ2;6F7Q;6I0B;6I0C;6I2T;6QAA;6QAB;6QAC;6QAD;6QAE;6R6V;6R6W;6RUA;6SAM;6T9P;6T9S;6XTA;6ZWI;7AIY;7AMZ;7AWG;7AWH;7AWI;7BGC;7BO3;7BO4;7Q1M;7Q1N;7Q1O;7Q1P;7QBQ;7QBR;7QHD;7QHE;7ZPB;8AI7;8AM1;8AM2;8CGO;8QTW;8QTX;9EWU;9GCQ;9GCR;9I02;9I03;9I4W;9I5O;9I5P;9I5Q;9QPU;9R3B;9R3C;9R9D;9R9E;9SL8;9SL9;9SPC
GRIN2A,Q12879,37,3NFL;5H8F;5H8H;5H8N;5H8Q;5I2K;5I2N;5KCJ;5KDT;5TP9;5TPA;6IRA;6IRF;6IRG;6IRH;7EOQ;7EOR;7EOS;7EOT;7EOU;7EU7;8E99;8JIZ;8JJ0;8JJ1;8JJ2;8VUH;8VUJ;8VUL;8VUN;8VUQ;8VUR;8VUS;8VUT;9MUL;9MUM;9PQI
CD33,P20138,9,5IHB;5J06;5J0B;6D48;6D49;6D4A;6TL8;7AW6;9BET
GRIN2C,Q14957,6,8E92;8E93;8E94;8E97;8E98;8E99
SLC6A3,Q01959,17,8VBY;8Y2C;8Y2D;8Y2E;8Y2F;8Y2G;9EO4;9J6R;9J6S;9J6T;9J6U;9J6V;9JKH;9JKI;9JKJ;9JKK;9JKM
GRIN2D,O15399,13,7YFF;7YFL;7YFM;7YFO;7YFR;8E96;8Y1V;9D37;9D38;9D39;9D3A;9D3B;9D3C
CDK5R1,Q15078,11,1H4L;1UNG;1UNH;1UNL;3O0G;6LDP;7CNG;7VDP;7VDQ;7VDR;7VDS
EPHA1,P21709,4,2K1K;2K1L;3HIL;3KKA
GRIN3A,Q8TCU5,3,8USW;8USX;8UUE
HFE,Q30201,2,1A6Z;1DE4
CDC25B,P30305,19,1CWR;1CWS;1CWT;1QB0;1YM9;1YMD;1YMK;1YML;1YS0;2A2K;2IFD;2IFV;2UZQ;3FQT;3FQU;4WH7;4WH9;9T09;9T0A
CR1,P17927,7,1GKG;1GKN;1PPQ;2MCY;2MCZ;2Q7Z;5FO9
TREM2,Q9NZC2,15,5ELI;5UD7;5UD8;6B8O;6XDS;6Y6C;6YMQ;6YYE;6Z0G;6Z0H;6Z0I;8T51;8T59;9PWN;9PX5
NCK2,O43639,9,1U5S;1WX6;1Z3K;2B86;2CIA;2FRW;2FRY;2JXB;4E6R
HMGCR,P04035,24,1DQ8;1DQ9;1DQA;1HW8;1HW9;1HWI;1HWJ;1HWK;1HWL;2Q1L;2Q6B;2Q6C;2R4F;3BGL;3CCT;3CCW;3CCZ;3CD0;3CD5;3CD7;3CDA;3CDB;8PKN;8S6B
CLU,P10909,2,7ZET;7ZEU
PLCG2,P16885,8,2K2J;2W2W;2W2X;8JQG;8JQH;8JQI;8QJU;8T7C
FOXO3,O43524,7,2K86;2LQH;2LQI;2UZK;6MNL;7V9B;9QNG
APOC1,P02654,8,1ALE;1ALF;1IOJ;1OPP;6DVU;6DXR;6DZ6;6NF3
ADRA2B,P18089,2,6K41;6K42
MS4A6A,Q9H2W1,0,
PSAP,P07602,20,1M12;1N69;1SN6;2DOB;2GTG;2QYP;2R0R;2R1Q;2RB3;2Z9A;3BQP;3BQQ;4DDJ;4UEX;4V2O;6SLR;8EQU;9AVS;9AXG;9I63
SLC6A2,P23975,36,8HFE;8HFF;8HFG;8HFI;8HFL;8I3V;8WGR;8WGX;8WTU;8WTV;8WTW;8WTX;8WTY;8XB2;8XB3;8XB4;8Y8Z;8Y90;8Y91;8Y92;8Y93;8Y94;8Y95;8YR2;8Z1L;8ZOY;8ZP1;8ZP2;8ZPB;9JEL;9JF3;9K6X;9KDA;9KDH;9KDM;9KE3
ABI3,Q9P2A4,0,
GSK3B,P49841,122,1GNG;1H8F;1I09;1J1B;1J1C;1O6K;1O6L;1O9U;1PYX;1Q3D;1Q3W;1Q41;1Q4L;1Q5K;1R0E;1UV5;2JDO;2JDR;2JLD;2O5K;2OW3;2UW9;2X39;2XH5;3CQU;3CQW;3DU8;3E87;3E88;3E8D;3F7Z;3F88;3GB2;3I4B;3L1S;3M1S;3MV5;3OW4;3PUP;3Q3B;3QKK;3QKL;3SAY;3SD0;3ZDI;3ZRK;3ZRL;3ZRM;4ACC;4ACD;4ACG;4ACH;4AFJ;4B7T;4DIT;4EKK;4IQ6;4J1R;4J71;4NM0;4NM3;4NM5;4NM7;4PTC;4PTE;4PTG;5F94;5F95;5HLN;5HLP;5K5N;5KPK;5KPL;5KPM;5OY4;5T31;6B8J;6BUU;6GJO;6GN1;6H0U;6HK3;6HK4;6HK7;6NPZ;6TCU;6V6L;6Y9R;6Y9S;7B6F;7OY5;7SXH;7SXJ;7U2Z;7U31;7U33;7U36;7Z1F;7Z1G;8AUZ;8AV1;8DJC;8DJD;8DJE;8FF8;8QJI;8XN6;9FR5;9FR6;9FR7;9FR8;9FR9;9HUK;9HUL;9HV3;9PE9;9X2Q;9X2U;9X2V;9X2W;9X2X;9X2Y
BIN1,O00499,7,1MUZ;1MV0;1MV3;2FIC;2RMY;2RND;5I22
MME,P08473,16,1DMT;1R1H;1R1I;1R1J;1Y8J;2QPJ;2YB9;4CTH;5JMY;6GID;6SH1;6SH2;6SUK;6SVY;6THP;6XVP
CDKN2B,P42772,0,
JAZF1,Q86VZ6,0,
SMPD1,P17405,4,5I81;5I85;5I8R;5JG8
CTSH,P09668,2,6CZK;6CZS
CDKN1A,P38936,13,1AXC;2ZVV;2ZVW;4RJF;5E0U;6CBI;6CEJ;6CIV;6CIX;6P8H;7KQ0;7KQ1;8GJF
NDUFAB1,O14561,41,2DNW;5OOL;5OOM;5XTB;5XTC;5XTD;5XTH;5XTI;6ODD;7A5H;7A5J;7O9K;7O9M;7ODR;7ODS;7ODT;7OF0;7OF2;7OF3;7OF5;7OF7;7OI6;7OI7;7OI8;7OI9;7OIC;7OID;7OIE;7PD3;7PO4;7QH6;7QH7;8K2B;8PK0;8QSJ;8QU5;9CWT;9I4I;9N50;9N51;9TI4
PLK1,P53350,85,1Q4K;1Q4O;1UMW;22RD;2OGQ;2OJX;2OU7;2OWB;2RKU;2V5Q;2YAC;3BZI;3C5L;3FC2;3FVH;3HIH;3HIK;3KB7;3P2W;3P2Z;3P34;3P35;3P36;3P37;3Q1I;3RQ7;3THB;4A4L;4A4O;4DFW;4E67;4E9C;4E9D;4H5X;4H71;4HAB;4HCO;4HY2;4J52;4J53;4LKL;4LKM;4O56;4O6W;4O9W;4RCP;4WHH;4WHK;4WHL;4X9R;4X9V;4X9W;5J19;5NEI;5NFU;5NJE;5NMM;5NN1;5NN2;5TA6;5TA8;6AX4;6GY2;7MSO;7MX1;8BJT;8CRC;8JOQ;8JOY;8S30;8S31;8WFP;8X72;8XB9;9D0P;9FJG;9FJH;9FJI;9FJJ;9QMO;9R1W;9R1X;9R1Y;9R8B;9R8C
CDK4,P11802,15,2W96;2W99;2W9F;2W9Z;3G33;5FWK;5FWL;5FWM;5FWP;6P8E;6P8F;6P8G;6P8H;7SJ3;9CSK
SCARB1,Q8WTV0,0,
NDUFS5,O43920,7,5XTC;5XTD;5XTH;5XTI;9CWT;9I4I;9TI4
AXL,P30530,4,2C5D;4RA0;5U6B;5VXZ
LIPC,P11150,0,
CTSB,P07858,21,1CSB;1GMY;1HUC;1PBH;2IPP;2PBH;3AI8;3CBJ;3CBK;3K9M;3PBH;5MBL;5MBM;6AY2;8B4T;8B5F;8HE9;8HEI;8HEN;9VA8;9XHR
SHARPIN,Q9H0F6,3,4EMO;5X0W;8K6P
NDUFA8,P51970,7,5XTC;5XTD;5XTH;5XTI;9CWT;9I4I;9TI4
NDUFV2,P19404,7,5XTB;5XTD;5XTH;5XTI;9CWT;9I4I;9TI4
AURKB,Q96GD4,1,4AF3
ATP8B4,Q8TF62,0,
NDUFS1,P28331,7,5XTB;5XTD;5XTH;5XTI;9CWT;9I4I;9TI4
LSM6,P62312,19,3JCR;5O9Z;6AH0;6AHD;6QW6;6QX9;7ABG;8H6E;8H6J;8H6K;8H6L;8QO9;8QXD;8QZS;8R08;8R09;8R0A;8R0B;8RM5
CDKN2A,P42771,5,1A5E;1BI7;1DC2;2A5E;7OZT
CDK1,P06493,13,4Y72;4YC3;4YC6;5HQ0;5LQF;6GU2;6GU3;6GU4;6GU6;6GU7;6TWN;7NJ0;9SKQ
CDKN1C,P49918,0,
RIOK2,Q9BVS4,10,5DHF;6FDM;6FDN;6FDO;6G18;6G51;6HK6;7VBT;7WU0;9F81
DDX39B,Q13838,15,1T5I;1T6N;1XTI;1XTJ;1XTK;7APK;7ZNK;7ZNL;8ENK;8R7K;8R7L;9DLP;9DLR;9DLV;9UPB
ATP6V1B2,P21281,8,6WLZ;6WM2;6WM3;6WM4;7U4T;7UNF;9CF8;9CFC
AURKA,O14965,193,1MQ4;1MUO;1OL5;1OL6;1OL7;2BMC;2C6D;2C6E;2DWB;2J4Z;2J50;2NP8;2W1C;2W1D;2W1E;2W1F;2W1G;2WQE;2WTV;2WTW;2X6D;2X6E;2X81;2XNE;2XNG;2XRU;3COH;3E5A;3EFW;3FDN;3H0Y;3H0Z;3H10;3HA6;3K5U;3LAU;3M11;3MYG;3NRM;3O50;3O51;3P9J;3QBN;3R21;3R22;3UNZ;3UO4;3UO5;3UO6;3UOD;3UOH;3UOJ;3UOK;3UOL;3UP2;3UP7;3VAP;3W10;3W16;3W18;3W2C;4B0G;4BN1;4BYI;4BYJ;4C3P;4C3R;4CEG;4DEA;4DEB;4DED;4DEE;4DHF;4J8M;4J8N;4JAI;4JAJ;4JBO;4JBP;4JBQ;4O0S;4O0U;4O0W;4PRJ;4UYN;4UZD;4UZH;4ZS0;4ZTQ;4ZTR;4ZTS;5AAD;5AAE;5AAF;5AAG;5DN3;5DNR;5DOS;5DPV;5DR2;5DR6;5DR9;5DRD;5DT0;5DT3;5DT4;5EW9;5G15;5G1X;5L8J;5L8K;5L8L;5LXM;5OBJ;5OBR;5ODT;5ONE;5ORL;5ORN;5ORO;5ORP;5ORR;5ORS;5ORT;5ORV;5ORW;5ORX;5ORY;5ORZ;5OS0;5OS1;5OS2;5OS3;5OS4;5OS5;5OS6;5OSD;5OSE;5OSF;5ZAN;6C2R;6C2T;6C83;6CPE;6CPF;6CPG;6GRA;6HJJ;6HJK;6I2U;6R49;6R4A;6R4B;6R4C;6R4D;6VPG;6VPH;6VPI;6VPJ;6VPL;6VPM;6XKA;6Z4Y;7AYH;7AYI;7FIC;7O2V;7ZTL;8C14;8C15;8C1D;8C1E;8C1F;8C1G;8C1H;8C1I;8C1K;8C1M;8GUW;8JF4;8JG8;8JMX;8OF5;8PR7;8SSO;8SSP;9BZG;9BZL;9GUC;9KDS;9KS6;9QVZ;9SUY
UQCRC1,P31930,5,5XTE;5XTH;5XTI;9CG3;9HZL
MTMR3,Q13615,0,
NDUFS2,O75306,8,5XTB;5XTC;5XTD;5XTH;5XTI;9CWT;9I4I;9TI4
ATP6V1A,P38606,8,6WLZ;6WM2;6WM3;6WM4;7U4T;7UNF;9CF8;9CFC
PICALM,Q13492,0,
MASTL,Q96GX5,2,5LOH;8V5H
MPO,P05164,49,1CXP;1D2V;1D5L;1D7W;1DNU;1DNW;1MHL;1MYP;3F9P;3ZS0;3ZS1;4C1M;4DL1;4EJX;5FIW;5MFA;5QJ2;5QJ3;5UZU;5WDJ;6AZP;6BMT;6WXZ;6WY0;6WY5;6WY7;6WYD;7LAE;7LAG;7LAL;7LAN;7NI1;7NI3;7OIH;7QZR;7Z53;9GEN;9GEP;9GEQ;9GER;9IHD;9IHE;9IHF;9QE3;9QEX;9QGA;9QJ3;9QJO;9SDS
SLC18A2,Q05940,32,8JSW;8JSX;8JT5;8JT9;8JTA;8JTB;8JTC;8T69;8T6A;8T6B;8THR;8UCJ;8UCK;8UCL;8UCM;8UCN;8UCO;8UCP;8WLJ;8WLK;8WLL;8WLM;8WRD;8WRE;8WVG;8X3K;8XO9;8XOA;8XOB;9KQ8;9KQA;9KQE
PILRA,Q9UKJ1,6,3WUZ;3WV0;4NFB;5XO2;5XOF;9PD2
NDUFA9,Q16795,7,5XTB;5XTD;5XTH;5XTI;9CWT;9I4I;9TI4
CAMLG,P49069,3,6SO5;8CR1;8CR2
NR1H2,P55055,25,1P8D;1PQ6;1PQ9;1PQC;1UPV;1UPW;3KFC;3L0E;4DK7;4DK8;4NQA;4RAK;5HJP;5I4V;5JY3;5KYA;5KYJ;6JIO;6K9G;6K9H;6K9M;6S4N;6S4T;6S4U;6S5K
PIKFYVE,Q9Y2I7,1,7K2V
AKAP11,Q9UKA4,0,
ATP6V1C1,P21283,5,6WM2;6WM3;6WM4;7U4T;7UNF
FADS2,O95864,0,
TARS2,Q9BW92,0,
H2BC4,P62807,74,10XZ;10YA;10YB;10YC;10YD;5GT0;5KGF;6ACO;6C0W;6FML;6R0C;6RNY;6SE0;6SE6;6SEE;6SEF;6SEG;6UPK;6UPL;6X59;6X5A;6XJD;7A08;7JO9;7JOA;7PII;7R5R;7TAN;7TRF;7U46;7U47;7U4D;7U50;7U51;7U52;7U53;7UV9;7Y8R;7YWX;7YYH;8ATF;8AV6;8JBX;8OFF;8OO7;8OOA;8OOP;8OOS;8OX0;8OX1;8QZM;8TXV;8TXW;8TXX;8U13;8VWS;8VWT;8VWU;8VWV;8X15;8X19;8X1C;9DWF;9DWG;9DWH;9DWI;9DWJ;9DWK;9DWL;9DWM;9EOZ;9NQU;9Y46;9Y47
PTK2B,Q14289,26,2LK4;3CC6;3ET7;3FZO;3FZP;3FZR;3FZS;3FZT;3GM1;3GM2;3GM3;3H3C;3U3F;4EKU;4H1J;4H1M;4R32;4XEF;4XEK;4XEV;5TO8;5TOB;6LF3;7PLL;8XOX;8YGX
CSNK1A1,P48729,5,5FQD;6GZD;7WTT;8G66;9OTY
LRRC25,Q8N386,0,
CDK12,Q9NYV4,39,4CXA;4NST;4UN0;5ACB;6B3E;6CKX;6TD3;7NXK;8BU1;8BU2;8BU3;8BU4;8BU5;8BU6;8BU7;8BU9;8BUA;8BUB;8BUC;8BUD;8BUE;8BUF;8BUG;8BUH;8BUI;8BUJ;8BUK;8BUL;8BUM;8BUN;8BUO;8BUP;8BUQ;8BUR;8BUS;8BUT;8P81;9FMR;9JK1
NDUFB7,P17568,7,5XTC;5XTD;5XTH;5XTI;9CWT;9I4I;9TI4
RASGEF1C,Q8N431,0,
