symbol,uniprot_id
APP,P05067
PSEN1,P49768
PSEN2,P49810
APOE,P02649
ABCA7,Q8IZY2
SORL1,Q92673
GRIN1,Q05586
ADAM10,O14672
CDK5,Q00535
GRIN3B,O60391
ACE,P12821
APH1B,Q8WW43
ACHE,P22303
GRN,P28799
GRIN2B,Q13224
BCHE,P06276
GRIN2A,Q12879
CD33,P20138
GRIN2C,Q14957
SLC6A3,Q01959
GRIN2D,O15399
CDK5R1,Q15078
EPHA1,P21709
GRIN3A,Q8TCU5
HFE,Q30201
CDC25B,P30305
CR1,P17927
TREM2,Q9NZC2
NCK2,O43639
HMGCR,P04035
CLU,P10909
PLCG2,P16885
FOXO3,O43524
APOC1,P02654
ADRA2B,P18089
MS4A6A,Q9H2W1
PSAP,P07602
SLC6A2,P23975
ABI3,Q9P2A4
GSK3B,P49841
BIN1,O00499
MME,P08473
CDKN2B,P42772
JAZF1,Q86VZ6
SMPD1,P17405
CTSH,P09668
CDKN1A,P38936
NDUFAB1,O14561
PLK1,P53350
CDK4,P11802
SCARB1,Q8WTV0
NDUFS5,O43920
AXL,P30530
LIPC,P11150
CTSB,P07858
SHARPIN,Q9H0F6
NDUFA8,P51970
NDUFV2,P19404
AURKB,Q96GD4
ATP8B4,Q8TF62
NDUFS1,P28331
LSM6,P62312
CDKN2A,P42771
CDK1,P06493
CDKN1C,P49918
RIOK2,Q9BVS4
DDX39B,Q13838
ATP6V1B2,P21281
AURKA,O14965
UQCRC1,P31930
MTMR3,Q13615
NDUFS2,O75306
ATP6V1A,P38606
PICALM,Q13492
MASTL,Q96GX5
MPO,P05164
SLC18A2,Q05940
PILRA,Q9UKJ1
NDUFA9,Q16795
CAMLG,P49069
NR1H2,P55055
PIKFYVE,Q9Y2I7
AKAP11,Q9UKA4
ATP6V1C1,P21283
FADS2,O95864
TARS2,Q9BW92
H2BC4,P62807
PTK2B,Q14289
CSNK1A1,P48729
LRRC25,Q8N386
CDK12,Q9NYV4
NDUFB7,P17568
RASGEF1C,Q8N431
